date,start,end,duration_min,L90_during,L90_before,rise_dB,LAeq_mean,LAeq_max,LAeq_minus_L90,LA10_minus_L90,spectral
2026-08-04,09:32,09:42,11,46.2,42.6,3.6,48.4,53.9,1.1,2.0,no_screenshot
2026-08-04,10:28,10:35,8,46.8,40.4,6.4,48.5,52.3,1.1,2.1,no_screenshot
2026-08-04,12:24,12:33,10,47.6,42.0,5.6,49.5,55.2,1.1,2.1,no_screenshot
2026-08-04,14:17,14:25,9,47.1,41.3,5.8,48.0,48.9,1.0,1.8,no_screenshot
2026-08-04,14:55,15:03,9,47.6,39.6,8.0,48.5,49.5,0.9,1.5,no_screenshot
2026-08-04,15:36,15:45,10,46.9,40.2,6.7,48.1,49.1,1.1,2.1,no_screenshot
2026-08-04,16:04,16:14,11,46.2,41.4,4.8,47.1,48.3,0.9,1.7,no_screenshot
2026-08-04,16:44,16:54,11,47.1,41.7,5.4,47.6,48.6,0.9,1.6,no_screenshot
2026-08-04,17:20,17:32,13,46.6,40.0,6.6,47.2,48.7,1.2,2.1,no_screenshot
2026-08-04,17:57,18:03,7,47.4,41.8,5.6,48.5,49.5,1.0,1.9,no_screenshot
2026-08-04,18:38,18:45,8,47.9,42.1,5.8,48.7,49.7,0.7,1.4,no_screenshot
2026-08-04,19:16,19:23,8,47.5,41.6,5.9,48.4,48.7,0.8,1.6,no_screenshot
2026-08-04,20:11,20:16,6,47.3,42.5,4.9,49.5,54.5,1.2,1.8,no_screenshot
2026-08-04,21:40,21:45,6,46.4,41.8,4.6,47.4,48.1,0.8,1.5,no_screenshot
2026-08-04,22:23,22:27,5,46.9,42.1,4.8,47.9,48.7,0.9,1.8,no_screenshot
2026-08-04,22:52,23:23,32,52.3,42.9,9.5,53.4,54.6,0.9,1.7,no_screenshot
2026-08-05,01:47,01:54,8,47.4,43.2,4.1,48.2,49.3,0.9,1.6,no_screenshot
2026-08-05,02:38,02:47,10,47.1,42.4,4.7,47.9,48.6,0.9,1.6,no_screenshot
2026-08-05,03:19,03:29,11,46.8,42.4,4.5,47.5,48.1,0.8,1.6,no_screenshot
2026-08-05,05:01,05:07,7,47.3,41.9,5.4,48.3,48.8,0.8,1.6,no_screenshot
2026-08-05,05:57,06:09,13,46.4,41.7,4.7,47.3,48.8,0.8,1.5,no_screenshot
2026-08-05,08:11,08:21,11,46.4,41.2,5.2,47.2,48.6,0.7,1.4,no_screenshot
2026-08-05,09:33,09:40,8,46.9,43.3,3.6,47.8,48.7,0.7,1.4,no_screenshot
2026-08-05,10:19,10:27,9,47.8,42.7,5.1,48.5,49.0,0.7,1.3,no_screenshot
2026-08-05,11:02,11:14,13,47.7,42.5,5.2,48.6,49.8,0.8,1.4,no_screenshot
2026-08-05,11:43,11:53,11,48.1,42.6,5.5,50.6,59.8,1.4,2.4,no_screenshot
2026-08-05,12:20,12:29,10,47.8,42.1,5.8,49.3,50.9,1.3,2.6,no_screenshot
2026-08-05,12:57,13:04,8,46.7,40.0,6.8,48.6,52.1,0.9,1.9,no_screenshot
2026-08-05,13:32,13:43,12,47.9,41.1,6.8,50.4,61.0,1.6,2.4,no_screenshot
2026-08-19,21:32,21:55,24,49.1,43.5,5.6,49.8,51.0,1.1,2.2,no_screenshot
2026-08-20,19:59,20:05,7,48.1,43.6,4.5,50.0,53.4,1.2,3.1,no_screenshot
2026-08-20,20:33,20:39,7,48.0,43.2,4.8,50.0,54.5,1.0,2.0,no_screenshot
2026-08-20,21:12,21:17,6,47.8,43.1,4.8,48.6,49.0,0.9,1.6,no_screenshot
2026-08-20,21:52,21:58,7,48.0,43.9,4.1,49.3,50.6,1.0,1.7,no_screenshot
2026-08-20,22:29,22:34,6,47.7,42.4,5.3,48.7,49.9,0.7,1.3,no_screenshot
2026-08-21,01:15,01:23,9,47.1,42.0,5.1,48.1,48.8,0.7,1.3,no_screenshot
2026-08-21,02:07,02:19,13,45.7,40.9,4.9,47.0,48.0,0.7,1.4,no_screenshot
2026-08-21,03:04,03:09,6,46.9,42.4,4.5,47.7,47.8,0.7,1.4,no_screenshot
2026-08-21,03:54,04:02,9,46.8,40.9,5.9,47.4,47.9,0.7,1.3,no_screenshot
2026-08-21,05:06,05:11,6,46.6,41.4,5.3,47.3,48.0,0.7,1.3,no_screenshot
2026-08-21,06:16,06:21,6,46.9,41.2,5.6,47.6,47.9,0.8,1.5,no_screenshot
2026-08-21,07:09,07:15,7,46.4,41.3,5.1,47.2,48.0,0.7,1.4,no_screenshot
2026-08-21,11:11,11:23,13,47.6,43.0,4.5,48.3,48.6,0.8,1.5,no_screenshot
2026-08-21,11:39,11:49,11,48.0,43.2,4.8,48.7,49.0,0.7,1.4,no_screenshot
2026-08-21,12:13,12:37,25,47.7,42.8,4.9,48.4,49.6,0.8,1.6,no_screenshot
2026-08-21,13:25,13:49,25,47.6,41.6,6.0,48.4,49.5,0.7,1.4,no_screenshot
2026-08-22,13:36,13:40,5,50.6,46.6,4.0,51.3,51.7,0.7,1.3,no_screenshot
2026-08-22,15:48,15:52,5,50.5,41.9,8.6,51.5,52.0,1.4,2.4,no_screenshot
2026-08-22,16:31,16:36,6,50.0,40.9,9.1,51.1,52.2,1.1,2.2,no_screenshot
2026-08-22,17:17,17:24,8,48.8,42.6,6.1,48.6,50.5,1.0,2.0,no_screenshot
2026-08-22,18:04,18:16,13,47.5,41.6,5.9,48.8,50.5,1.1,2.0,no_screenshot
2026-08-22,18:51,19:00,10,48.1,40.8,7.3,49.0,50.5,0.9,1.8,no_screenshot
2026-08-22,19:40,19:46,7,48.5,39.8,8.7,49.2,49.7,1.0,1.9,no_screenshot
2026-08-22,20:25,20:32,8,48.4,42.2,6.2,50.8,56.3,1.2,2.1,no_screenshot
2026-08-22,21:10,21:15,6,49.0,42.6,6.5,49.7,50.4,0.8,1.6,no_screenshot
2026-08-23,12:06,12:12,7,48.7,43.3,5.4,50.6,52.1,1.3,2.5,no_screenshot
2026-08-23,12:39,12:46,8,48.4,41.8,6.6,50.1,51.2,1.5,3.0,no_screenshot
2026-08-23,23:07,23:12,6,49.5,43.1,6.5,50.8,52.2,1.2,2.2,not_confirmed
2026-08-24,14:07,14:12,6,47.4,43.2,4.2,48.8,50.7,1.2,2.4,not_confirmed
2026-08-25,00:51,01:07,17,47.8,42.0,5.9,48.8,51.1,0.9,1.7,no_screenshot
2026-08-25,03:50,04:00,11,47.4,41.8,5.6,48.4,49.1,0.9,1.7,no_screenshot
2026-08-25,05:28,05:34,7,47.7,43.3,4.4,48.4,48.6,0.7,1.4,no_screenshot
2026-08-25,08:33,08:44,12,47.9,42.1,5.8,50.0,58.5,1.1,2.0,confirmed
2026-08-25,10:02,10:08,7,48.7,41.0,7.7,49.6,50.5,1.0,1.8,confirmed
2026-08-25,10:49,10:57,9,47.6,41.2,6.3,48.7,50.6,0.8,1.6,confirmed
2026-08-25,11:32,11:40,9,49.3,42.6,6.7,50.2,50.7,1.0,1.9,confirmed
2026-08-25,12:18,12:29,12,52.4,42.1,10.3,53.8,55.5,1.2,2.5,not_confirmed
2026-08-25,13:02,13:06,5,48.8,42.6,6.2,51.2,55.9,1.2,2.2,confirmed
2026-08-25,13:48,13:53,6,49.3,42.5,6.8,50.3,50.9,1.0,1.9,confirmed
2026-08-25,14:36,14:42,7,49.0,39.6,9.5,50.2,50.8,1.3,2.4,confirmed
2026-08-25,15:18,15:24,7,49.0,41.2,7.8,50.4,50.9,1.4,2.4,confirmed
2026-08-25,16:15,16:21,7,48.8,41.2,7.5,50.3,51.4,1.3,2.3,confirmed
2026-08-25,17:04,17:10,7,48.3,41.1,7.2,50.2,51.3,1.5,2.7,confirmed
2026-08-25,19:39,19:44,6,49.7,42.8,6.9,50.7,51.3,1.1,1.9,not_confirmed
2026-08-25,20:43,20:47,5,49.3,42.4,6.8,50.2,50.7,1.0,2.2,confirmed
2026-08-25,21:44,21:49,6,48.4,41.3,7.0,51.7,56.9,0.8,1.7,confirmed
2026-08-25,22:28,22:32,5,48.0,41.1,6.9,48.6,49.0,1.0,1.7,confirmed
2026-08-25,23:12,23:16,5,48.0,43.2,4.8,48.5,49.2,0.9,1.7,confirmed
2026-08-25,23:55,00:08,14,47.2,41.0,6.2,48.2,48.9,0.9,1.7,confirmed
2026-08-26,00:21,00:51,31,47.3,42.7,4.6,48.1,48.9,0.7,1.4,confirmed
2026-08-26,02:01,02:14,14,47.7,41.8,5.9,48.5,49.1,0.8,1.5,confirmed
2026-08-26,04:06,04:19,14,46.8,40.6,6.1,47.4,48.8,0.8,1.5,confirmed
2026-08-26,21:34,21:40,7,47.6,43.0,4.6,49.7,52.4,1.3,2.4,confirmed
2026-08-27,08:43,08:54,12,47.9,40.4,7.5,48.9,49.6,1.0,2.0,no_screenshot
2026-08-27,09:34,09:50,17,48.3,41.1,7.3,49.7,51.5,1.1,2.1,no_screenshot
2026-08-27,10:34,10:42,9,47.9,41.3,6.6,48.8,49.8,1.3,2.4,no_screenshot
2026-08-27,11:17,11:29,13,46.4,40.2,6.2,47.5,48.3,0.8,1.5,no_screenshot
2026-08-27,12:03,12:15,13,46.7,39.6,7.2,48.0,49.6,1.1,2.1,no_screenshot
2026-08-27,12:49,12:58,10,46.9,40.9,6.0,47.9,48.9,1.0,1.8,no_screenshot
2026-08-27,13:34,13:41,8,47.2,41.1,6.1,47.9,48.8,0.9,1.9,no_screenshot
2026-08-27,14:14,14:30,17,47.3,41.5,5.8,48.3,49.5,0.9,1.9,no_screenshot
2026-08-27,15:02,15:13,12,46.9,41.7,5.3,48.2,49.0,1.3,2.4,no_screenshot
2026-08-27,15:50,16:02,13,47.0,42.2,4.9,48.5,50.2,0.9,1.7,no_screenshot
2026-08-27,16:36,16:45,10,47.5,40.6,7.0,48.5,49.4,0.9,1.8,no_screenshot
2026-08-27,17:14,17:25,12,48.0,42.5,5.6,49.2,50.6,1.3,2.3,no_screenshot
2026-08-27,20:26,20:53,28,49.3,42.8,6.6,49.8,51.3,0.7,1.3,confirmed
2026-08-27,22:01,22:08,8,49.6,42.9,6.6,50.2,50.5,0.6,1.2,confirmed
2026-08-27,22:33,22:37,5,49.3,43.3,5.9,49.8,49.9,0.6,1.2,confirmed
2026-08-27,22:48,22:56,9,49.4,45.2,4.2,50.9,54.5,0.8,1.5,confirmed
2026-08-27,23:34,23:41,8,49.3,43.2,6.1,49.9,50.1,0.6,1.2,confirmed
2026-08-28,09:53,10:08,16,49.1,42.5,6.7,50.2,51.9,0.9,1.8,confirmed
2026-08-28,10:45,11:13,29,49.5,44.7,4.8,50.2,52.2,0.8,1.4,confirmed
2026-08-28,20:15,20:21,7,48.5,43.1,5.5,49.2,49.8,0.8,1.6,confirmed
2026-08-29,02:11,02:30,20,49.2,42.3,6.9,50.1,51.5,0.7,1.5,confirmed
2026-08-29,02:51,03:02,12,48.8,42.8,5.9,49.9,51.1,0.7,1.4,confirmed
2026-08-29,03:25,03:33,9,49.2,44.4,4.8,50.3,52.4,0.9,1.9,confirmed
2026-08-29,03:57,04:06,10,49.7,43.7,6.0,50.3,51.0,0.7,1.4,confirmed
2026-08-29,04:40,04:50,11,47.8,43.7,4.1,49.5,50.7,1.0,2.0,confirmed
2026-08-29,05:15,05:21,7,49.7,43.1,6.6,50.4,51.2,0.9,1.6,confirmed
2026-08-29,05:48,05:53,6,50.0,43.4,6.6,50.4,51.0,0.8,1.5,confirmed
2026-08-29,06:33,06:37,5,50.2,43.3,6.9,50.9,51.1,0.8,1.6,confirmed
2026-08-29,07:52,07:56,5,49.8,43.6,6.2,50.5,51.0,0.9,1.8,no_screenshot
2026-08-29,08:21,08:33,13,48.4,43.0,5.4,49.7,51.6,1.0,1.8,no_screenshot
2026-08-29,08:56,09:01,6,49.5,42.5,7.0,50.5,50.8,1.1,2.0,no_screenshot
2026-08-29,10:11,10:20,10,49.3,44.2,5.1,50.2,50.7,0.8,1.5,no_screenshot
2026-08-29,12:50,12:54,5,50.1,43.8,6.4,51.0,51.2,0.8,1.5,no_screenshot
2026-08-29,14:00,14:04,5,50.0,43.6,6.3,51.9,54.2,0.9,1.7,no_screenshot
2026-08-29,14:37,14:41,5,49.7,43.8,5.9,50.6,51.1,0.8,1.6,no_screenshot
2026-08-29,15:10,15:14,5,49.6,43.3,6.3,50.4,50.8,0.9,1.7,no_screenshot
2026-08-29,15:47,15:51,5,49.9,43.6,6.4,50.8,51.0,0.9,1.8,no_screenshot
2026-08-29,16:22,16:27,6,49.2,43.2,6.0,50.0,50.3,0.8,1.5,no_screenshot
2026-08-29,23:20,23:48,29,49.9,43.4,6.5,50.6,51.4,0.6,1.2,no_screenshot
2026-08-30,01:52,02:00,9,46.8,43.2,3.7,48.2,51.8,0.8,1.5,no_screenshot
2026-08-30,04:51,04:56,6,46.7,43.1,3.6,47.4,47.6,0.7,1.4,no_screenshot
2026-08-30,07:44,07:49,6,46.3,41.6,4.7,47.0,47.2,0.8,1.4,no_screenshot
2026-08-30,08:42,08:48,7,49.2,41.8,7.4,48.8,50.7,0.9,1.8,no_screenshot
2026-08-30,10:53,10:58,6,49.6,42.3,7.3,50.6,51.2,0.9,1.8,no_screenshot
2026-08-30,11:34,11:38,5,50.3,41.6,8.7,51.3,51.8,1.2,2.2,no_screenshot
2026-08-30,12:56,13:01,6,50.4,42.5,7.8,51.7,53.9,1.0,1.8,no_screenshot
2026-08-30,14:15,14:19,5,50.6,43.6,7.0,51.4,51.8,0.9,1.6,no_screenshot
2026-08-30,14:49,14:53,5,50.6,43.2,7.4,51.7,52.7,0.8,1.5,no_screenshot
2026-08-30,16:09,16:14,6,50.7,42.8,7.9,51.3,52.1,1.1,1.8,no_screenshot
2026-08-30,17:21,17:26,6,50.4,42.2,8.2,51.6,52.0,1.2,2.3,no_screenshot
2026-08-30,20:48,20:57,10,49.8,42.4,7.4,50.5,51.1,0.8,1.7,no_screenshot
2026-08-30,21:19,21:30,12,49.9,42.1,7.8,51.5,55.8,0.9,1.7,no_screenshot
2026-08-30,21:53,22:01,9,50.0,42.4,7.6,50.7,51.8,0.9,1.8,no_screenshot
2026-08-31,00:53,01:04,12,49.7,43.4,6.3,50.9,53.3,1.1,2.0,no_screenshot
2026-08-31,01:27,01:33,7,49.4,43.6,5.8,50.5,51.1,1.1,2.0,no_screenshot
2026-08-31,02:11,02:22,12,49.7,41.5,8.2,50.7,51.6,1.1,1.9,no_screenshot
2026-08-31,02:53,02:59,7,49.1,43.0,6.1,50.2,50.8,0.8,1.6,no_screenshot
2026-08-31,03:42,03:52,11,49.6,43.1,6.5,50.5,51.2,0.9,1.7,no_screenshot
2026-08-31,04:20,04:25,6,49.1,44.1,5.1,50.2,51.0,1.0,1.9,no_screenshot
2026-08-31,06:42,06:49,8,49.6,42.3,7.3,50.6,50.9,0.9,1.7,no_screenshot
2026-08-31,07:18,07:24,7,49.2,43.4,5.8,50.2,50.5,1.0,1.9,no_screenshot
2026-08-31,08:03,08:10,8,49.4,44.5,4.9,50.6,51.3,1.3,2.3,no_screenshot
2026-08-31,08:37,08:46,10,48.7,42.6,6.1,49.8,50.1,1.1,2.2,no_screenshot
2026-08-31,09:19,09:26,8,49.7,43.6,6.1,51.2,51.8,1.5,2.5,no_screenshot
2026-08-31,10:02,10:12,11,48.7,42.5,6.2,50.2,55.8,1.2,2.0,no_screenshot
2026-08-31,10:42,10:51,10,49.3,42.4,6.8,50.3,51.1,1.0,1.9,no_screenshot
2026-08-31,11:21,11:31,11,49.2,41.9,7.3,50.2,51.6,1.0,1.9,no_screenshot
2026-08-31,12:08,12:18,11,49.8,43.2,6.5,50.3,51.2,0.9,1.7,no_screenshot
2026-08-31,12:47,12:59,13,49.8,40.2,9.6,50.5,51.6,0.9,1.8,no_screenshot
2026-08-31,13:31,13:41,11,49.6,43.9,5.8,50.8,52.1,1.2,2.2,no_screenshot
2026-08-31,14:10,14:26,17,49.7,44.2,5.5,50.6,51.7,1.0,1.8,no_screenshot
2026-08-31,20:25,20:36,12,49.3,40.8,8.5,50.2,51.6,0.9,1.8,no_screenshot
2026-08-31,21:04,21:15,12,49.3,43.5,5.7,50.3,52.1,0.9,1.8,no_screenshot
2026-08-31,21:44,22:06,23,49.6,43.1,6.5,50.6,51.5,1.0,2.0,no_screenshot
2026-08-31,22:42,22:50,9,49.5,43.9,5.6,50.5,51.6,1.0,1.8,no_screenshot
2026-08-31,23:24,23:35,12,49.2,43.9,5.3,50.1,51.2,0.9,1.7,no_screenshot
2026-09-01,00:03,00:29,27,49.4,44.1,5.3,50.2,51.1,0.7,1.3,no_screenshot
2026-09-01,11:34,11:50,17,47.3,43.3,4.0,48.1,48.9,0.7,1.3,no_screenshot
2026-09-01,12:45,12:52,8,48.5,43.3,5.2,49.1,49.4,0.6,1.3,no_screenshot
2026-09-01,14:37,14:47,11,49.7,42.5,7.1,50.2,51.2,0.7,1.4,no_screenshot
2026-09-01,15:40,15:50,11,49.8,42.9,6.9,52.7,64.1,1.9,2.0,no_screenshot
2026-09-01,16:31,16:43,13,49.0,43.4,5.6,49.5,52.6,0.8,1.6,no_screenshot
2026-09-01,17:40,17:49,10,49.2,42.7,6.5,50.6,52.1,1.2,2.0,no_screenshot
2026-09-01,18:55,19:05,11,49.2,41.7,7.5,50.8,53.9,0.9,1.5,no_screenshot
2026-09-01,20:12,20:18,7,49.0,42.1,6.9,50.0,50.7,1.0,2.2,no_screenshot
2026-09-01,23:16,23:25,10,49.6,42.2,7.5,50.6,51.0,1.1,2.1,no_screenshot
2026-09-01,23:50,00:16,27,49.6,42.8,6.8,50.4,51.2,0.8,1.6,no_screenshot
2026-09-02,13:12,13:23,12,49.1,41.9,7.2,50.1,51.3,1.0,1.8,no_screenshot
2026-09-03,00:17,00:23,7,50.6,44.9,5.8,51.4,51.6,0.8,1.5,no_screenshot
2026-09-03,02:31,02:38,8,50.6,44.4,6.2,51.6,53.5,1.0,1.9,no_screenshot
2026-09-03,04:34,04:40,7,51.0,43.4,7.6,51.7,52.1,0.8,1.6,no_screenshot
2026-09-03,09:42,09:46,5,49.8,43.8,6.0,50.8,51.4,1.0,1.9,no_screenshot
2026-09-03,10:52,10:57,6,49.9,43.6,6.3,51.1,52.4,1.3,2.5,no_screenshot
2026-09-07,02:46,02:53,8,51.4,42.8,8.7,51.9,52.7,0.9,1.7,no_screenshot
2026-09-07,04:24,04:31,8,50.3,43.6,6.7,51.3,52.4,0.8,1.6,no_screenshot
2026-09-07,07:58,08:06,9,50.2,42.2,8.0,51.1,52.2,1.0,1.8,no_screenshot
2026-09-08,01:19,01:28,10,47.0,42.1,4.8,47.9,49.0,0.8,1.6,no_screenshot
2026-09-08,09:48,09:52,5,49.9,42.1,7.8,50.7,51.5,1.2,2.1,no_screenshot
2026-09-08,11:45,11:52,8,50.4,42.1,8.3,50.8,51.7,0.8,1.6,no_screenshot
2026-09-08,13:03,13:10,8,49.8,43.7,6.1,50.7,51.9,0.8,1.5,no_screenshot
2026-09-08,14:03,14:09,7,51.5,44.0,7.5,51.8,52.7,0.9,1.6,no_screenshot
2026-09-08,15:08,15:15,8,51.0,43.5,7.4,51.5,52.5,0.8,1.6,no_screenshot
2026-09-08,15:56,16:03,8,51.8,42.4,9.3,52.3,53.0,0.8,1.5,no_screenshot
2026-09-08,16:36,16:44,9,50.8,44.6,6.2,52.1,54.0,1.0,1.9,no_screenshot
2026-09-08,17:28,17:34,7,51.6,43.4,8.3,52.4,53.9,1.2,2.1,no_screenshot
2026-09-08,18:10,18:17,8,51.4,43.9,7.5,52.5,54.3,0.7,1.3,no_screenshot
2026-09-08,20:50,20:56,7,51.3,43.3,8.0,52.0,53.3,0.6,1.3,no_screenshot
2026-09-08,21:31,21:37,7,50.7,42.4,8.3,52.9,54.7,2.0,1.9,no_screenshot
2026-09-08,22:11,22:16,6,51.4,43.9,7.5,52.5,54.7,1.1,2.1,no_screenshot
2026-09-09,07:02,07:06,5,47.4,43.5,3.9,48.2,48.5,0.8,1.5,no_screenshot
2026-09-09,13:42,13:54,13,51.1,45.4,5.6,51.9,54.4,1.1,2.1,confirmed
2026-09-09,14:22,14:34,13,51.1,45.9,5.2,51.8,53.5,1.2,2.2,confirmed
2026-09-09,14:59,15:09,11,51.4,44.8,6.6,52.4,54.3,1.2,2.4,confirmed
2026-09-09,15:41,15:46,6,52.2,45.9,6.2,53.4,54.3,1.3,2.3,confirmed
2026-09-09,16:19,16:31,13,51.7,45.9,5.8,52.5,54.5,1.2,2.2,confirmed
2026-09-09,16:57,17:10,14,51.3,45.4,5.8,54.1,61.9,1.0,2.0,not_confirmed
2026-09-09,17:46,17:54,9,50.7,43.5,7.2,52.1,53.5,1.5,2.7,confirmed
2026-09-09,19:07,19:17,11,51.4,44.7,6.7,52.4,54.4,1.3,2.5,confirmed
2026-09-10,00:20,00:41,22,50.9,45.5,5.4,52.2,53.0,1.5,2.7,confirmed
2026-09-10,07:21,07:52,32,50.8,46.5,4.3,53.2,57.9,1.9,2.4,confirmed
2026-09-10,08:14,08:41,28,50.5,44.4,6.1,51.5,55.8,1.1,2.0,no_screenshot
2026-09-10,09:05,09:15,11,50.2,46.0,4.2,51.2,52.2,1.1,1.9,no_screenshot
2026-09-10,09:24,09:36,13,50.9,42.8,8.0,51.4,52.5,1.2,2.2,no_screenshot
2026-09-10,09:51,09:59,9,49.3,45.3,4.0,51.0,52.7,0.9,1.6,no_screenshot
2026-09-10,10:29,10:41,13,50.6,44.0,6.5,51.4,52.8,0.9,1.7,no_screenshot
2026-09-10,11:08,11:22,15,51.0,44.3,6.6,51.7,54.6,0.7,1.4,no_screenshot
2026-09-10,12:36,12:48,13,51.2,45.2,6.0,51.8,53.3,0.9,1.7,no_screenshot
2026-09-10,13:13,13:21,9,51.9,44.2,7.7,52.8,53.9,1.1,2.1,no_screenshot
2026-09-10,13:44,14:02,19,51.2,46.4,4.8,52.4,54.3,0.9,1.9,no_screenshot
2026-09-10,14:24,14:31,8,52.4,44.8,7.6,53.3,54.5,1.2,2.3,no_screenshot
2026-09-10,14:37,14:51,15,52.2,48.5,3.7,53.1,55.0,1.0,2.1,no_screenshot
2026-09-10,15:16,15:28,13,52.2,45.7,6.5,52.3,54.8,1.0,1.9,no_screenshot
2026-09-10,15:48,16:01,14,51.5,45.0,6.4,52.2,54.0,1.1,2.1,no_screenshot
2026-09-10,16:26,16:39,14,50.5,44.5,6.1,52.2,54.8,1.0,1.8,no_screenshot
2026-09-10,17:03,17:23,21,51.4,44.9,6.5,53.2,62.4,0.9,1.6,no_screenshot
2026-09-10,17:44,17:55,12,51.3,43.1,8.2,51.7,54.4,0.9,1.8,no_screenshot
2026-09-10,19:03,19:13,11,52.4,43.7,8.7,52.9,55.0,0.9,1.6,no_screenshot
2026-09-10,19:42,19:52,11,52.3,43.6,8.7,52.9,57.3,0.8,1.6,no_screenshot
2026-09-10,20:22,20:29,8,52.2,45.9,6.3,52.8,53.5,0.9,1.7,no_screenshot
2026-09-10,21:07,21:18,12,52.0,45.3,6.7,52.0,53.5,0.8,1.6,no_screenshot
2026-09-11,04:59,05:15,17,51.9,45.9,6.0,52.5,54.0,0.8,1.5,no_screenshot
2026-09-11,05:32,05:50,19,51.2,45.1,6.1,52.0,53.7,0.8,1.5,no_screenshot
2026-09-11,06:09,06:27,19,51.2,44.0,7.2,52.0,54.0,0.9,1.8,no_screenshot
2026-09-11,06:47,07:04,18,50.7,42.8,7.8,51.8,53.9,0.8,1.6,no_screenshot
2026-09-11,07:18,07:37,20,50.3,44.0,6.3,51.3,53.7,0.9,1.7,no_screenshot
2026-09-11,07:59,08:14,16,51.8,45.5,6.4,52.6,53.7,1.1,1.9,no_screenshot
2026-09-11,08:44,08:51,8,51.3,44.4,6.9,52.3,52.9,0.9,1.8,no_screenshot
2026-09-11,12:38,12:43,6,50.5,44.3,6.2,51.5,52.2,0.8,1.5,no_screenshot
2026-09-11,13:29,13:36,8,51.4,45.6,5.9,52.3,53.0,0.8,1.5,no_screenshot
2026-09-11,14:10,14:17,8,52.0,45.1,6.9,53.7,58.4,1.1,1.9,no_screenshot
2026-09-11,15:34,15:40,7,51.7,44.9,6.9,52.6,53.3,0.9,1.8,no_screenshot
2026-09-11,16:36,16:43,8,52.0,44.6,7.4,52.7,53.3,0.7,1.4,no_screenshot
2026-09-11,17:42,17:48,7,51.9,44.4,7.5,52.5,53.5,0.8,1.6,no_screenshot
2026-09-11,18:24,18:28,5,51.7,44.5,7.2,52.4,52.7,0.7,1.3,no_screenshot
2026-09-11,19:07,19:14,8,51.3,44.3,7.0,51.9,52.8,0.7,1.4,no_screenshot
2026-09-11,20:11,20:16,6,52.1,43.9,8.2,52.4,52.9,0.6,1.1,no_screenshot
2026-09-11,21:16,21:21,6,51.5,44.7,6.8,52.3,52.8,0.6,1.2,no_screenshot
2026-09-12,00:14,00:28,15,50.7,45.7,5.1,51.7,53.0,0.8,1.5,no_screenshot
2026-09-12,01:50,02:01,12,51.2,45.6,5.7,52.2,53.0,1.1,2.2,no_screenshot
2026-09-12,02:31,02:46,16,50.6,45.4,5.2,51.6,52.7,1.0,1.9,no_screenshot
2026-09-12,03:05,03:16,12,50.6,45.2,5.4,51.4,51.9,0.8,1.5,no_screenshot
2026-09-12,03:39,03:49,11,50.6,45.0,5.5,51.5,52.3,0.9,1.9,no_screenshot
2026-09-12,04:22,04:36,15,50.3,44.6,5.7,51.4,52.5,0.9,1.6,no_screenshot
2026-09-12,05:05,05:16,12,50.0,43.4,6.7,51.2,52.4,0.9,1.8,no_screenshot
2026-09-12,05:44,05:54,11,50.5,44.3,6.1,51.5,52.2,1.1,2.0,no_screenshot
2026-09-12,06:26,06:33,8,50.4,44.8,5.6,51.6,52.6,1.1,2.0,no_screenshot
2026-09-12,07:07,07:14,8,50.0,43.4,6.7,51.0,51.8,0.8,1.4,no_screenshot
2026-09-12,07:42,07:52,11,50.4,46.6,3.8,51.5,52.0,1.0,1.8,no_screenshot
2026-09-12,08:15,08:27,13,50.4,45.8,4.6,51.3,52.0,0.9,1.7,no_screenshot
2026-09-12,09:00,09:09,10,50.6,43.2,7.4,51.6,52.6,0.9,1.6,no_screenshot
2026-09-12,09:40,09:50,11,50.3,43.0,7.2,51.3,52.1,0.9,1.7,no_screenshot
2026-09-12,10:19,10:31,13,50.5,43.7,6.8,51.1,52.0,0.8,1.4,no_screenshot
2026-09-12,10:55,11:14,20,51.3,44.4,6.9,52.1,53.0,0.8,1.5,no_screenshot
2026-09-12,11:45,11:55,11,50.9,43.6,7.2,51.8,52.7,0.9,1.6,no_screenshot
2026-09-16,11:07,11:12,6,47.1,41.1,6.0,48.4,49.9,1.1,2.0,not_confirmed
2026-09-16,13:28,13:32,5,47.0,42.4,4.5,48.3,49.9,1.2,2.5,confirmed
2026-09-17,00:18,00:22,5,47.8,42.3,5.5,49.0,50.4,0.8,1.5,confirmed
2026-09-17,00:39,00:54,16,50.9,42.8,8.1,52.2,57.2,0.8,1.6,confirmed
2026-09-17,01:38,01:43,6,48.4,43.8,4.6,49.2,49.4,0.8,1.6,not_confirmed
2026-09-17,02:06,02:10,5,47.7,42.3,5.4,48.9,49.4,1.1,1.9,confirmed
2026-09-17,02:28,02:34,7,48.3,42.6,5.7,49.1,49.5,0.9,1.7,not_confirmed
2026-09-17,02:52,02:58,7,47.9,43.5,4.4,48.9,49.1,1.0,1.8,confirmed
2026-09-17,04:42,04:47,6,48.1,44.2,3.9,49.0,49.1,0.8,1.6,not_confirmed
2026-09-17,06:18,06:22,5,47.6,42.4,5.2,48.5,48.6,0.9,1.6,not_confirmed
2026-09-17,08:23,08:27,5,47.1,43.2,3.9,51.1,61.7,1.3,1.9,confirmed
2026-09-18,02:22,02:26,5,51.9,44.8,7.1,52.2,52.8,0.8,1.6,confirmed
2026-09-18,02:52,02:57,6,51.5,45.3,6.1,52.3,52.6,0.8,1.6,confirmed
2026-09-18,03:20,03:26,7,51.7,45.7,6.1,52.2,52.8,0.9,1.6,confirmed
2026-09-20,19:55,19:59,5,51.2,43.6,7.6,52.8,53.8,1.0,1.9,confirmed
2026-09-20,20:36,20:41,6,51.5,41.4,10.1,52.4,54.1,0.9,1.6,not_confirmed
2026-09-20,22:35,22:40,6,49.7,42.1,7.6,51.1,52.2,1.1,2.0,confirmed
2026-09-23,11:37,11:45,9,58.6,53.8,4.8,62.1,66.3,1.2,2.4,confirmed
2026-09-27,05:02,05:08,7,41.2,37.5,3.7,41.7,42.0,0.5,0.9,no_screenshot
2026-09-28,21:46,22:09,24,41.3,37.4,4.0,42.0,43.7,0.6,1.0,no_screenshot
2026-09-28,23:00,23:14,15,41.4,37.2,4.2,42.0,42.3,0.6,0.9,no_screenshot
2026-09-29,00:50,01:03,14,41.4,37.1,4.3,42.8,52.5,0.6,0.9,no_screenshot
2026-09-29,02:41,02:54,14,41.4,37.1,4.4,42.0,42.2,0.5,0.9,no_screenshot
2026-09-29,05:46,06:00,15,41.4,37.2,4.1,42.0,42.4,0.6,1.0,no_screenshot
2026-09-30,02:31,02:55,25,41.1,37.0,4.1,41.7,42.0,0.6,0.9,no_screenshot
